vi_text,en_text,domain
"cẩu tháp","tower crane","construction"
"giáo tiệp","scaffolding","construction"
"kích thủy lực","hydraulic jack","heavy machinery"
"bản vẽ thi công","construction drawing","engineering"
"đai ốc","nut (fastener)","mechanical"
"bu lông","bolt","mechanical"
"mối hàn","weld joint","metalworking"
"máy nén khí","air compressor","pneumatic"
"van an toàn","safety valve","industrial safety"
"bảng điều khiển","control panel","electrical"
"mạch điện","electrical circuit","electrical"
"công tắc áp lực","pressure switch","instrumentation"
"cảm biến nhiệt độ","temperature sensor","instrumentation"
"bơm nước","water pump","hydraulic"
"ống dẫn dầu","oil pipeline","hydraulic"
"dầu nhớt","lubricating oil","maintenance"
"bộ lọc dầu","oil filter","maintenance"
"cầu dao","circuit breaker","electrical"
"dây curoa","drive belt","mechanical"
"bánh răng","gear","mechanical"
"trục khuỷu","crankshaft","automotive"
"xi lanh","cylinder","hydraulic"
"piston","piston","mechanical"
"vòng bi","bearing","mechanical"
"má phanh","brake pad","automotive"
"lò xo","spring","mechanical"
"đệm cao su","rubber gasket","sealing"
"mặt bích","flange","piping"
"van một chiều","check valve","hydraulic"
"van điện từ","solenoid valve","automation"
"đường ray","rail track","transportation"
"máy hàn","welding machine","metalworking"
"mặt nạ hàn","welding mask","safety"
"thiết bị bảo hộ","personal protective equipment","safety"
"mũ bảo hiểm","hard hat","safety"
"dây an toàn","safety harness","safety"
"biển cảnh báo","warning sign","safety"
"khu vực nguy hiểm","hazard zone","safety"
"sơ đồ điện","electrical diagram","engineering"
"máy phát điện","generator","electrical"
"tải trọng","load capacity","structural"
"ứng suất","stress (mechanical)","structural"
"biến dạng","deformation","structural"
"độ bền","durability / tensile strength","materials"
"kim loại","metal","materials"
"hợp kim","alloy","materials"
"thép không gỉ","stainless steel","materials"
"nhôm","aluminum","materials"
"bê tông","concrete","construction"
"cốt thép","rebar / reinforcing steel","construction"
"móng","foundation","construction"
"dầm","beam","structural"
"cột","column / pillar","structural"
"sàn bê tông","concrete slab","construction"
"tường chắn đất","retaining wall","construction"
"máy xúc","excavator","heavy machinery"
"máy ủi","bulldozer","heavy machinery"
"xe tải","truck","transportation"
"xe nâng","forklift","warehouse"
"băng tải","conveyor belt","manufacturing"
"dây chuyền sản xuất","production line","manufacturing"
"kiểm soát chất lượng","quality control","manufacturing"
"lỗi sản phẩm","product defect","quality"
"bảo trì định kỳ","preventive maintenance","maintenance"
"sự cố","incident / breakdown","safety"
"báo cáo sự cố","incident report","safety"
"dừng khẩn cấp","emergency stop","safety"
"nút khẩn cấp","emergency button","safety"
"tắt máy","shut down","operations"
"khởi động","start up","operations"
"tải về không","no load","operations"
"chạy thử","trial run","operations"
"hiệu chỉnh","calibration","instrumentation"
"đo lường","measurement","instrumentation"
"đồng hồ đo áp suất","pressure gauge","instrumentation"
"lưu lượng kế","flow meter","instrumentation"
"nhiệt kế","thermometer","instrumentation"
"rò rỉ","leakage","maintenance"
"ăn mòn","corrosion","maintenance"
"mài mòn","wear and tear","maintenance"
"thay thế linh kiện","replace component","maintenance"
"phụ tùng thay thế","spare parts","maintenance"
"kho phụ tùng","spare parts warehouse","logistics"
"đơn đặt hàng","purchase order","logistics"
"nhà cung cấp","supplier","procurement"
"hợp đồng","contract","legal"
"tiêu chuẩn kỹ thuật","technical standard","engineering"
"quy trình vận hành","operating procedure","operations"
"nhật ký vận hành","operation log","documentation"
"bàn giao ca","shift handover","operations"
"ca trực","duty shift","operations"
"giám sát","supervisor / monitoring","management"
"kỹ thuật viên","technician","personnel"
"kỹ sư","engineer","personnel"
"thợ hàn","welder","personnel"
"thợ điện","electrician","personnel"
"thợ cơ khí","mechanic","personnel"
"bơm bê tông","concrete pump","construction"
"nhớt thủy lực","hydraulic fluid","heavy machinery"
"xì nhớt","hydraulic fluid leak","maintenance"
"cháy van","valve failure","industrial safety"
"máy xúc số","excavator number","heavy machinery"
"thợ đứng máy","machine operator","personnel"
"thợ lái máy","equipment operator","personnel"
"thợ xây","bricklayer","construction"
"thợ hồ","mason","construction"
"thợ sắt","ironworker","construction"
"thợ ống","pipefitter","construction"
"thợ mộc","carpenter","construction"
"đội trưởng","foreman","management"
"chủ thầu","contractor","management"
"nhà thầu phụ","subcontractor","management"
"an toàn lao động","occupational safety","safety"
"tai nạn lao động","workplace accident","safety"
"sơ cứu","first aid","safety"
"thoát hiểm","emergency exit","safety"
"báo động","alarm","safety"
"phòng cháy","fire prevention","safety"
"bình chữa cháy","fire extinguisher","safety"
"hố thu nước","drainage pit","construction"
"đào móng","foundation excavation","construction"
"đổ bê tông","concrete pouring","construction"
"đầm bê tông","concrete compaction","construction"
"bảo dưỡng bê tông","concrete curing","construction"
"tháo ván khuôn","formwork removal","construction"
"lắp đặt","installation","construction"
"thi công","construction work","construction"
"nghiệm thu","acceptance inspection","quality"
"bàn giao công trình","project handover","management"
"tiến độ thi công","construction schedule","management"
"chậm tiến độ","behind schedule","management"
"đẩy nhanh tiến độ","expedite the schedule","management"
"vật liệu xây dựng","construction materials","logistics"
"cát","sand","materials"
"đá dăm","crushed stone / gravel","materials"
"xi măng","cement","materials"
"gạch","brick","materials"
"ngói","roof tile","materials"
"gỗ","timber","materials"
"sắt thép","steel","materials"
"dây điện","electrical cable","electrical"
"ống nhựa","plastic pipe","piping"
"ống thép","steel pipe","piping"
"van khóa","shut-off valve","piping"
"máy bơm","pump","hydraulic"
"bể chứa nước","water tank","hydraulic"
"hệ thống thoát nước","drainage system","construction"
"hệ thống điện","electrical system","electrical"
"hệ thống cấp nước","water supply system","construction"
"hệ thống phòng cháy chữa cháy","fire suppression system","safety"
"thang máy công trình","construction elevator","heavy machinery"
"cần cẩu","crane","heavy machinery"
"xe ben","dump truck","heavy machinery"
"xe trộn bê tông","concrete mixer truck","heavy machinery"
"xe lu","road roller","heavy machinery"
"máy cắt bê tông","concrete saw","heavy machinery"
"máy khoan","drill","mechanical"
"máy cắt","angle grinder","mechanical"
"búa máy","pneumatic hammer","mechanical"
"đục","chisel","mechanical"
"kìm","pliers","mechanical"
"mỏ lết","wrench","mechanical"
"tô vít","screwdriver","mechanical"
"thước đo","measuring tape","instrumentation"
"máy cân bằng","leveling instrument","instrumentation"
"máy kinh vĩ","theodolite","instrumentation"
"máy thủy bình","level instrument","instrumentation"
"hố khoan","borehole","construction"
"cọc bê tông","concrete pile","construction"
"cọc khoan nhồi","bored pile","construction"
"tường vây","diaphragm wall","construction"
"neo đất","ground anchor","construction"
"gia cố nền đất","ground reinforcement","construction"
"kết cấu thép","steel structure","structural"
"kết cấu bê tông cốt thép","reinforced concrete structure","structural"
"mái che","roof covering","construction"
"lớp chống thấm","waterproofing layer","construction"
"lớp cách nhiệt","thermal insulation layer","construction"
"hoàn thiện","finishing","construction"
"sơn","paint","finishing"
"ốp lát","tiling","finishing"
"trần thạch cao","gypsum ceiling","finishing"
"vách ngăn","partition wall","finishing"
"cửa","door","finishing"
"cửa sổ","window","finishing"
"lan can","railing","finishing"
"cầu thang","staircase","construction"
"thang bộ","stairs","construction"
"tầng hầm","basement","construction"
"mái","roof","construction"
"tầng thượng","rooftop floor","construction"
"hệ thống điều hòa","air conditioning system","mechanical"
"hệ thống thông gió","ventilation system","mechanical"
"đường dây điện","power line","electrical"
"tủ điện","electrical panel","electrical"
"aptomat","circuit breaker","electrical"
"cáp điện ngầm","underground power cable","electrical"
"máy biến áp","transformer","electrical"
"trạm biến áp","electrical substation","electrical"
"đèn công trường","construction site light","electrical"
"hệ thống chiếu sáng","lighting system","electrical"
"bể phốt","septic tank","construction"
"đường ống cấp thoát nước","water supply and drainage pipe","construction"
"hệ thống PCCC","fire protection system","safety"
"khu vực thi công","construction zone","construction"
"rào chắn","barricade","safety"
"biển báo công trường","construction site sign","safety"
"tấm chắn bụi","dust barrier","safety"
"lưới an toàn","safety net","safety"
"dây giới hạn","boundary rope","safety"
"hố ga","manhole","construction"
"hào kỹ thuật","utility trench","construction"
"san lấp mặt bằng","site grading","construction"
"đầm nén đất","soil compaction","construction"
"thử tải","load test","engineering"
"thử áp","pressure test","engineering"
"thử kín","leak test","engineering"
"siết bu lông","bolt tightening","mechanical"
"mô men siết","torque value","mechanical"
"chất bôi trơn","lubricant","maintenance"
"tra dầu mỡ","lubrication","maintenance"
"kiểm tra định kỳ","periodic inspection","maintenance"
"ghi nhận hiện trường","site observation record","documentation"
"phương án thi công","construction method statement","engineering"
"biện pháp an toàn","safety measures","safety"
"vệ sinh công trường","site cleanup","operations"
"thu dọn mặt bằng","site clearance","operations"
"bàn giao mặt bằng","site handover","operations"
"nghỉ ca","shift break","operations"
"tăng ca","overtime shift","operations"
"kíp nổ","detonator","construction"
"thuốc nổ","explosive","construction"
"nổ mìn","blasting","construction"
"khai thác đá","rock quarrying","construction"
"cưa đá","stone cutting","construction"
"xe cẩu","crane truck","heavy machinery"
"máy đóng cọc","pile driver","heavy machinery"
"máy rải nhựa","asphalt paver","heavy machinery"
"xe téc nước","water tanker truck","heavy machinery"
"xe cuốc","backhoe loader","heavy machinery"
"máy san","motor grader","heavy machinery"
"máy đầm rung","vibratory compactor","heavy machinery"
"bơm hút bùn","slurry pump","heavy machinery"
"xe xi téc dầu","fuel tanker truck","heavy machinery"
"cẩu bánh xích","crawler crane","heavy machinery"
"kích nâng","hydraulic lifting jack","heavy machinery"
"tời điện","electric winch","heavy machinery"
"palang điện","electric hoist","heavy machinery"
"giá đỡ","support bracket","structural"
"thanh giằng","bracing rod","structural"
"khung thép","steel frame","structural"
"bản mã","gusset plate","structural"
"hàn đính","tack weld","metalworking"
"hàn ngấu","full penetration weld","metalworking"
"kiểm tra hàn","weld inspection","quality"
"kiểm tra siêu âm","ultrasonic testing","quality"
"xì hơi","air leak","maintenance"
"xì dầu","oil leak","maintenance"
"kẹt máy","machine jammed","maintenance"
"chạy lại","restart","operations"
"tắt khẩn cấp","emergency shutdown","safety"
"quá tải","overloaded","operations"
"thiếu điện","power shortage","electrical"
"mất điện","power outage","electrical"
"chập điện","short circuit","electrical"
"điện giật","electric shock","safety"
"rò điện","electrical leakage","electrical"
"cúp điện","power cut","electrical"
"đấu điện","electrical connection","electrical"
"nối đất","grounding","electrical"
"chống sét","lightning protection","electrical"
"nhiệt độ cao","high temperature","safety"
"cháy nổ","fire and explosion","safety"
"đám cháy","fire outbreak","safety"
"dập lửa","fire suppression","safety"
"hít phải khói","smoke inhalation","safety"
"té ngã","fall injury","safety"
"bị vật rơi","struck by falling object","safety"
"kẹt tay","hand caught in machine","safety"
"đứt tay","hand laceration","safety"
"bỏng","burn injury","safety"
"ngất xỉu","fainting","safety"
"gọi cấp cứu","call emergency services","safety"
"dredge number","excavator number","post-translation-fix"
"that dredge","that excavator","post-translation-fix"
"an safety valve","the safety valve","post-translation-fix"
"a safety valve fire","a safety valve blowout","post-translation-fix"
"That's a safety valve","the safety valve will blow","post-translation-fix"
"safety valve will blow fire","safety valve will blow out","post-translation-fix"
"valve will blow fire","valve will blow out","post-translation-fix"
"will blow fire","will blow out","post-translation-fix"
"blow fire","blow out","post-translation-fix"
"valve fire","valve failure","post-translation-fix"
"leaking oil","hydraulic fluid leak","post-translation-fix"
"machine stuck","machine jammed","post-translation-fix"
"fire valve","valve failure","post-translation-fix"
"run again","restart the machine","post-translation-fix"
"worker standing","machine operator","post-translation-fix"
"Let's go check it out","Please go check it immediately","post-translation-fix"
"let's go check it out","please go check it immediately","post-translation-fix"
"Let's check it out","Please check it immediately","post-translation-fix"
"let's check it out","please check it immediately","post-translation-fix"
"Do n't","Don't","post-translation-fix"
"do n't","Don't","post-translation-fix"
"can 't","can't","post-translation-fix"
"is n't","isn't","post-translation-fix"
"won 't","won't","post-translation-fix"
"doesn 't","doesn't","post-translation-fix"
"wasn 't","wasn't","post-translation-fix"
"haven 't","haven't","post-translation-fix"
"didn 't","didn't","post-translation-fix"
"shouldn 't","shouldn't","post-translation-fix"
"wouldn 't","wouldn't","post-translation-fix"
"couldn 't","couldn't","post-translation-fix"
"kéo cáp","cable pulling","construction"
"đổ bê tông","concrete pouring","construction"
"cắt thép","steel cutting","metalworking"
"buộc thép","rebar tying","construction"
"đóng cốp pha","formwork installation","construction"
"tháo cốp pha","formwork removal","construction"
"cẩu tháp","tower crane","heavy machinery"
"xe lu","road roller","heavy machinery"
"xe cuốc","backhoe","heavy machinery"
"xe ủi","bulldozer","heavy machinery"
"máy trộn bê tông","concrete mixer","heavy machinery"
"đồ bảo hộ","PPE (Personal Protective Equipment)","safety"
"mũ bảo hộ","hard hat","safety"
"giày bảo hộ","safety boots","safety"
"dây đai an toàn","safety harness","safety"
"kính bảo hộ","safety goggles","safety"
"lưới an toàn","safety net","safety"
"hành lang an toàn","safety corridor","safety"
"cáp cẩu","lifting cable","heavy machinery"
"móc cẩu","crane hook","heavy machinery"
"bơm chìm","submersible pump","machinery"
"máy hàn","welding machine","machinery"
"máy cắt sắt","rebar cutter","machinery"
"dàn giáo","scaffolding","construction"
"kẹp giáo","scaffolding clamp","construction"
"ván khuôn","formwork","construction"
"cọc cừ","sheet pile","construction"
"cọc nhồi","bored pile","construction"
"bùn khoan","drilling mud","construction"
"sập giàn giáo","scaffolding collapse","safety"
"trượt chân","slip and fall","safety"
"chập nổ","short-circuit explosion","safety"
"rò rỉ khí gas","gas leak","safety"
"hư motor","motor failure","maintenance"
"hư bạc đạn","bearing failure","maintenance"
"tuột sên","chain slipped","maintenance"
"đứt cáp","cable snapped","safety"
"nổ lốp","tire blowout","maintenance"
"đội trưởng","crew chief","personnel"
"cai thầu","foreman","personnel"
"giám sát viên","supervisor","personnel"
"kỹ sư hiện trường","site engineer","personnel"
"công nhân hàn","welder","personnel"
"công nhân sắt","ironworker","personnel"
"thợ xây","mason","personnel"
"thợ mộc","carpenter","personnel"
"thợ phụ","helper","personnel"
"sổ nhật ký thi công","site diary","documentation"
"biên bản nghiệm thu","acceptance protocol","documentation"
"bản vẽ hoàn công","as-built drawing","documentation"
"lệnh khởi công","notice to proceed","documentation"
"cấp phép thi công","work permit","safety"
"khảo sát địa chất","geological survey","engineering"
"quan trắc lún","settlement monitoring","engineering"
"chống thấm","waterproofing","construction"
"lát gạch","tiling","construction"
"trát tường","plastering","construction"
"bả matit","puttying","construction"
"sơn lót","primer painting","construction"
"sơn phủ","finish painting","construction"
"điện âm tường","concealed wiring","electrical"
"ống luồn dây","conduit","electrical"
"ống nước nóng","hot water pipe","plumbing"
"ống thoát nước","drainage pipe","plumbing"
"hố móng","foundation pit","construction"
"bể phốt","septic tank","construction"
"bê tông cốt thép","reinforced concrete","construction"
"bê tông tươi","ready-mix concrete","construction"
"thép hình","structural steel","construction"
"cốt đai","stirrup","construction"
"con kê bê tông","concrete spacer","construction"
"gạch tuynel","tunnel brick","construction"
"đá mi","crushed stone dust","construction"
"cát vàng","yellow sand","construction"
"cát san lấp","fill sand","construction"
"xi măng","cement","construction"
"vữa xây","mortar","construction"
"sắt phi 10","10mm rebar","construction"
"sắt phi 12","12mm rebar","construction"
"tonnage","tải trọng","engineering"
"yield strength","giới hạn chảy","engineering"
"tensile strength","độ bền kéo","engineering"
"concrete slump","độ sụt bê tông","engineering"
"curing","bảo dưỡng bê tông","construction"
"concrete casting","đổ bê tông","post-translation-fix"
"pour concrete","concrete pouring","post-translation-fix"
"electric sparks","tia lửa điện","post-translation-fix"
"safety net fell","lưới an toàn bị rơi","post-translation-fix"
"wear helmet","đội mũ bảo hộ","post-translation-fix"
"scaffold is shaking","giàn giáo đang rung lắc","post-translation-fix"
"pump failure","bơm hỏng","post-translation-fix"
"crane truck broken","xe cẩu bị hỏng","post-translation-fix"
"khảo sát dự thảo","giám định mớn nước","post-translation-fix"
"khả năng chịu đất","sức chịu tải của đất","post-translation-fix"
"thùng hàng","container","post-translation-fix"
"tường vây","diaphragm wall","construction"
"cọc cừ larsen","sheet pile","construction"
"cọc khoan nhồi","bored pile","construction"
"cọc xi măng đất","deep soil mixing pile","construction"
"dung dịch khoan","bentonite slurry","construction"
"ống vách","casing","construction"
"lưới cốt thép","welded wire mesh","construction"
"neo đất","ground anchor","construction"
"mực nước ngầm","groundwater table","construction"
"hệ giằng chống","bracing system","construction"
"máy đào gầu nghịch","backhoe excavator","equipment"
"máy xúc lật","wheel loader","equipment"
"máy ủi đất","bulldozer","equipment"
"cần cẩu bánh xích","crawler crane","equipment"
"tay cần cẩu tháp","tower crane jib","equipment"
"đối trọng","counterweight","equipment"
"chân chống cẩu","outrigger","equipment"
"tời nâng","lifting winch","equipment"
"máy toàn đạc điện tử","total station","equipment"
"máy thủy bình","auto level","equipment"
"hệ thống HVAC","HVAC system","MEP"
"tháp giải nhiệt","cooling tower","MEP"
"máy lạnh trung tâm","chiller","MEP"
"ống gió","air duct","MEP"
"cửa gió","air grille","MEP"
"máng cáp","cable tray","MEP"
"thang cáp","cable ladder","MEP"
"tủ điện tổng","main distribution board","MEP"
"cáp ngầm","underground cable","MEP"
"trạm biến áp","transformer substation","MEP"
"tủ tụ bù","capacitor bank","MEP"
"hệ thống báo cháy","fire alarm system","MEP"
"đầu báo khói","smoke detector","MEP"
"bơm chữa cháy","fire pump","MEP"
"van góc chữa cháy","fire angle valve","MEP"
"ống cấp nước","water supply pipe","MEP"
"ống thoát nước","drainage pipe","MEP"
"hố ga","manhole","MEP"
"bơm chìm","submersible pump","MEP"
"bản vẽ hoàn công","as-built drawing","management"
"bản vẽ thi công","shop drawing","management"
"tiên lượng dự toán","bill of quantities","management"
"lệnh thay đổi thiết kế","variation order","management"
"nhật ký thi công","site diary","management"
"biên bản nghiệm thu","inspection report","management"
"chủ đầu tư","client","management"
"tư vấn giám sát","supervision consultant","management"
"nhà thầu chính","main contractor","management"
"nhà thầu phụ","subcontractor","management"
"tiến độ thi công","construction schedule","management"
"danh sách lỗi","snag list","management"
"thời gian bảo hành","defect liability period","management"
"nghiệm thu bàn giao","handover","management"
"tạm ứng hợp đồng","advance payment","management"
"hồ sơ thanh toán","payment certificate","management"
"giàn giáo chữ A","A-frame scaffold","construction"
"cốp pha nhôm","aluminum formwork","construction"
"ván khuôn trượt","slipform","construction"
"bảo dưỡng bê tông","concrete curing","construction"
"phụ gia đông kết nhanh","accelerating admixture","construction"
"phụ gia chống thấm","waterproofing admixture","construction"
"màng chống thấm","waterproofing membrane","construction"
"mạch ngừng thi công","construction joint","construction"
"khe co giãn","expansion joint","construction"
"con kê bê tông","concrete spacer","construction"
"súng bắn đinh","nail gun","equipment"
"máy đầm dùi","internal vibrator","equipment"
"máy đầm bàn","plate compactor","equipment"
"dây đai an toàn toàn thân","full-body harness","safety"
"lan can tạm","temporary guardrail","safety"
"lưới bao che","debris netting","safety"
"bình chữa cháy xách tay","portable fire extinguisher","safety"
"biển cảnh báo nguy hiểm","hazard warning sign","safety"
"lối thoát hiểm","emergency exit","safety"
"điểm tập kết","assembly point","safety"
"hộp sơ cứu","first aid kit","safety"
"khảo sát địa hình","topographic survey","engineering"
"báo cáo địa chất","geotechnical report","engineering"
"thí nghiệm nén ngang","lateral load test","engineering"
"thí nghiệm nén tĩnh","static load test","engineering"
"kiểm tra siêu âm","ultrasonic testing","engineering"
"cường độ chịu nén","compressive strength","engineering"
"cường độ chịu kéo","tensile strength","engineering"
"độ võng","deflection","engineering"
"ứng suất trước","post-tensioning","engineering"
"bê tông đúc sẵn","precast concrete","construction"
"bê tông khối lớn","mass concrete","construction"
"sự cố sập dàn giáo","scaffold collapse","post-translation-fix"
"tai nạn lao động","occupational accident","post-translation-fix"
"đình chỉ thi công","suspend construction","post-translation-fix"
"vật liệu phế thải","construction waste","construction"
"xử lý nền đất yếu","soft ground improvement","engineering"
"bấc thấm","prefabricated vertical drain","engineering"
"cọc cát","sand pile","engineering"
"trắc đạc","surveying","engineering"
"quả dọi","plumb bob","engineering"
"thước thủy","spirit level","engineering"
"máy vạch tia laser","laser level","equipment"
"máy cân bằng laser","laser alignment tool","equipment"
"mái dốc","sloped roof","architecture"
"mái bằng","flat roof","architecture"
"trần thạch cao","gypsum ceiling","architecture"
"trần giả","false ceiling","architecture"
"sàn nâng","raised floor","architecture"
"tường thạch cao","drywall","architecture"
"len chân tường","skirting board","architecture"
"phào chỉ","molding","architecture"
"khung xương trần","ceiling suspension system","architecture"
"kính cường lực","tempered glass","architecture"
"kính dán an toàn","laminated glass","architecture"
"vách kính mặt dựng","curtain wall","architecture"
"bông thủy tinh","glass wool","materials"
"bông khoáng","rockwool","materials"
"nhựa đường","asphalt","materials"
"vật liệu bitum","bitumen","materials"
"tấm cách nhiệt","insulation board","materials"
"ván ép cốp pha","plywood formwork","materials"
"cáp dự ứng lực","post-tensioning cable","materials"
"ống nhựa PVC","PVC pipe","materials"
"ống nhựa HDPE","HDPE pipe","materials"
"ống nhựa PPR","PPR pipe","materials"
"van bướm","butterfly valve","MEP"
"van một chiều","check valve","MEP"
"van cổng","gate valve","MEP"
"van giảm áp","pressure reducing valve","MEP"
"đồng hồ áp suất","pressure gauge","MEP"
"ống luồn dây điện","electrical conduit","MEP"
"ốc siết cáp","cable gland","MEP"
"cầu dao tự động","circuit breaker","MEP"
"cầu dao chống giật","residual current circuit breaker","MEP"
"tủ điện nhẹ","ELV panel","MEP"
"hệ thống điện nhẹ","ELV system","MEP"
"camera giám sát","CCTV system","MEP"
"hệ thống kiểm soát vào ra","access control system","MEP"
"hệ thống quản lý tòa nhà","BMS","MEP"
"hệ thống thông báo công cộng","public address system","MEP"
"chất lượng công trình","construction quality","management"
"kiểm tra không phá hủy","non-destructive testing","QAQC"
"thí nghiệm kéo nhổ","pull-out test","QAQC"
"thí nghiệm siêu âm cọc","sonic logging test","QAQC"
"trình duyệt vật liệu","material submission","QAQC"
"biện pháp thi công","method statement","QAQC"
"chứng chỉ vật liệu","mill certificate","QAQC"
"báo cáo không phù hợp","non-conformance report","QAQC"
"biên bản xử lý hiện trường","site instruction","QAQC"
"lệnh ngừng thi công","stop work order","management"
"phạt chậm tiến độ","liquidated damages","management"
"bảo lãnh thực hiện hợp đồng","performance bond","management"
"bảo lãnh tạm ứng","advance payment bond","management"
"giữ lại bảo hành","retention money","management"
"khối lượng phát sinh","variation works","management"
"nhà thầu MEP","MEP contractor","management"
"nhà thầu kết cấu","structural contractor","management"
"kỹ sư an toàn","safety engineer","management"
"kỹ sư hiện trường","site engineer","management"
"chỉ huy trưởng công trình","project manager","management"
"vách nhôm kính","aluminum glass partition","architecture"
"cửa cuốn","roller shutter","architecture"
"sơn lót","primer paint","architecture"
"sơn phủ","finish paint","architecture"
"sơn chống cháy","intumescent paint","architecture"
"sơn epoxy","epoxy paint","architecture"
"bột bả matit","wall putty","architecture"
"đá ốp lát","cladding stone","architecture"
"gạch ốp lát","ceramic tile","architecture"
"gạch không nung","unbaked brick","architecture"
"đai ốc","nut","materials"
"bu lông","bolt","materials"
"vòng đệm","washer","materials"
"bu lông neo","anchor bolt","materials"
"cờ lê","wrench","equipment"
"mỏ lết","adjustable wrench","equipment"
"máy hàn điện","electric welding machine","equipment"
"que hàn","welding rod","materials"
"mối hàn","welding joint","engineering"
"chụp X-quang mối hàn","radiographic testing","QAQC"
"kéo cáp","cable pulling","construction"
"đổ bê tông cọc","pile concreting","construction"
"tháo cốp pha","formwork stripping","construction"
"bơm thử áp lực","pressure test","QAQC"
"xúc rửa đường ống","pipe flushing","QAQC"
"đóng điện","energization","MEP"
"chạy thử liên động","interlock testing","QAQC"
"căn chỉnh thiết bị","equipment alignment","QAQC"
"sổ tay vận hành","O&M manual","management"
"bàn giao mặt bằng","site handover","management"
"thùng chìm","caisson","engineering"
"đê chắn sóng","breakwater","engineering"
"đệm va tàu","marine fender","engineering"
"bích neo tàu","bollard","engineering"
"nạo vét","dredging","engineering"
"lấn biển","land reclamation","engineering"
"cầu treo","suspension bridge","engineering"
"cầu dây văng","cable-stayed bridge","engineering"
"cầu vượt","viaduct","engineering"
"cống hộp","box culvert","engineering"
"cống tròn","pipe culvert","engineering"
"trụ cầu","bridge pier","engineering"
"mố cầu","bridge abutment","engineering"
"khe co giãn cầu","bridge expansion joint","engineering"
"gối cầu","bridge bearing","engineering"
"thảm bê tông nhựa","asphalt paving","construction"
"lu lèn","compaction","construction"
"dải phân cách","median strip","construction"
"lan can phòng hộ","guardrail","safety"
"vạch kẻ đường","road marking","construction"
"đánh giá tác động môi trường","EIA","environmental"
"xử lý nước thải","wastewater treatment","environmental"
"kiểm soát bụi","dust control","environmental"
"tường chống ồn","noise barrier","environmental"
"trạm quan trắc","monitoring station","environmental"
"hợp đồng trọn gói","lump sum contract","management"
"hồ sơ dự thầu","tender document","management"
"thư chấp thuận","letter of acceptance","management"
"bảo lãnh ngân hàng","bank guarantee","management"
"hóa đơn đỏ","VAT invoice","management"
"quyết toán công trình","final account","management"
"đòn gánh nâng","spreader beam","equipment"
"ma ní","shackle","equipment"
"cáp thép","wire rope sling","equipment"
"mã ní cáp","cable shackle","equipment"
"nâng song song","tandem lift","construction"
"xe nâng cần vươn","boom lift","equipment"
"xe nâng cắt kéo","scissor lift","equipment"
"xe nâng hàng","forklift","equipment"
"cáp chống rơi","fall arrest lanyard","safety"
"đai toàn thân","full body harness","safety"
"thẻ an toàn","safety tag","safety"
"lưới chống rơi","safety net","safety"
"biển báo giao thông","traffic sign","construction"
"đất đào","excavated soil","construction"
"đất đắp","backfill soil","construction"
"bơm hút bùn","sludge pump","equipment"
"máy phát điện dự phòng","standby generator","MEP"
"tủ ATS","ATS panel","MEP"
"máy biến áp khô","dry-type transformer","MEP"
"cáp quang","fiber optic cable","MEP"
"mạng cục bộ","LAN network","MEP"
"tường vây tầng hầm","basement diaphragm wall","construction"
"cọc barrette","barrette pile","construction"
"kích thủy lực","hydraulic jack","equipment"
"thí nghiệm PDA","PDA test","QAQC"
"thí nghiệm PIT","PIT test","QAQC"
"cấp phối bê tông","concrete mix design","QAQC"
"độ rỗng","porosity","engineering"
"hệ số thấm","permeability coefficient","engineering"
"nhựa đường lỏng","tack coat","construction"
"lớp móng đá dăm","crushed stone base","construction"
"đất yếu","soft soil","engineering"
"phễu đổ bê tông","tremie pipe","construction"
"ống siêu âm","sonic logging tube","materials"
"băng cản nước","waterstop","materials"
"keo cấy thép","epoxy anchor","materials"
"cốt thép chờ","starter bar","construction"
"mối nối cơ dập","mechanical splice","construction"
"ống gen luồn cáp","cable duct","materials"
"cáp ngầm trung thế","medium voltage cable","MEP"
"trạm Kiot","kiosk substation","MEP"
"đèn chiếu sáng sự cố","emergency light","MEP"
"biển báo dạ quang","photoluminescent sign","safety"
"nút ấn khẩn cấp","emergency break glass","safety"
"vòi chữa cháy","fire hose","MEP"
"họng tiếp nước","breeching inlet","MEP"
"phòng bơm chữa cháy","fire pump room","MEP"
"tủ điện điều khiển","control panel","MEP"
"cảm biến nhiệt độ","temperature sensor","MEP"
"kỹ sư QS","quantity surveyor","management"
"kỹ sư QA/QC","QA/QC engineer","management"
"thư thông báo","notification letter","management"
"yêu cầu cung cấp thông tin","RFI","management"
"phiếu yêu cầu nghiệm thu","inspection request","QAQC"
"báo cáo tiến độ tuần","weekly progress report","management"
"bản vẽ biện pháp thi công","method statement drawing","management"
"sự cố tràn hóa chất","chemical spill","safety"
"khu vực nguy hiểm","hazardous area","safety"
"thời gian đông kết","setting time","engineering"
"độ ẩm tối ưu","optimum moisture content","engineering"
"thí nghiệm Proctor","Proctor compaction test","QAQC"
"khảo sát địa chất","site investigation","engineering"
"khoan lấy mẫu","core drilling","engineering"
"máy nén khí","air compressor","equipment"
"súng phun cát","sandblasting gun","equipment"
"sơn chống gỉ","anti-rust paint","materials"
"bọc cách nhiệt","thermal insulation","materials"
"nhà vệ sinh tạm","temporary toilet","construction"
"mô hình thông tin xây dựng","BIM","engineering"
"cấp độ chi tiết","level of detail","engineering"
"phát hiện xung đột","clash detection","engineering"
"bản sao kỹ thuật số","digital twin","engineering"
"đám mây điểm","point cloud","engineering"
"mô phỏng 4D","4D simulation","engineering"
"mặt cắt dọc","longitudinal section","architecture"
"mặt cắt ngang","cross section","architecture"
"phối cảnh 3D","3D rendering","architecture"
"bản vẽ phối cảnh","perspective drawing","architecture"
"mô hình kết cấu","structural model","engineering"
"mô hình kiến trúc","architectural model","architecture"
"mô hình cơ điện","MEP model","MEP"
"quản lý cơ sở hạ tầng","facility management","management"
"dầu khí","oil and gas","engineering"
"đường ống dẫn khí","gas pipeline","MEP"
"mặt bích","flange","materials"
"gioăng đệm","gasket","materials"
"đa tạp","manifold","MEP"
"tháp đuốc","flare stack","engineering"
"bình chịu áp lực","pressure vessel","equipment"
"sơ đồ P&ID","P&ID diagram","engineering"
"thanh tra hàn","welding inspector","QAQC"
"cấu kiện đúc sẵn","prefabricated component","construction"
"mô-đun hóa","modularization","construction"
"tấm tiêu âm","acoustic panel","architecture"
"lớp phủ veneer","veneer","materials"
"ván ép laminate","laminate","materials"
"láng nền","floor screeding","construction"
"đá mài terrazzo","terrazzo floor","materials"
"vách ngăn nhẹ","partition wall","architecture"
"cửa chống cháy","fire door","architecture"
"tay co thủy lực","door closer","architecture"
"bản lề sàn","floor hinge","architecture"
"ốp chân tường","baseboard","architecture"
"chỉ phào","architrave","architecture"
"trát tường","wall plastering","construction"
"bả matit","puttying","construction"
"xả nhám","sanding","construction"
"chống thấm ngược","negative side waterproofing","construction"
"màng khò nóng","torch-applied membrane","materials"
"chống thấm polyurethane","PU waterproofing","materials"
"vận đơn","bill of lading","management"
"thông quan","customs clearance","management"
"đơn vị giao nhận","freight forwarder","management"
"khu vực bốc dỡ","loading dock","management"
"xe nâng tay","pallet truck","equipment"
"kho trung chuyển","transit warehouse","management"
"mã vạch","barcode","management"
"lục giác","hex key","equipment"
"cưa tay","hacksaw","equipment"
"cưa đĩa","circular saw","equipment"
"cưa lọng","jigsaw","equipment"
"máy khoan búa","hammer drill","equipment"
"mũi khoan tường","masonry drill bit","equipment"
"mũi khoan sắt","HSS drill bit","equipment"
"mũi khoét lỗ","hole saw","equipment"
"đinh tán","rivet","materials"
"kìm bấm đinh tán","rivet gun","equipment"
"súng bắn keo silicone","silicone caulking gun","equipment"
"băng keo cách điện","electrical tape","materials"
"dây thít nhựa","cable tie","materials"
"ống gen co nhiệt","heat shrink tube","materials"
"phát thải VOC","VOC emission","environmental"
"dấu chân carbon","carbon footprint","environmental"
"chất thải nguy hại","hazardous waste","environmental"
"mũ bảo hộ","hard hat","safety"
"kính bảo hộ","safety goggles","safety"
"nút bịt tai","earplug","safety"
"chụp tai chống ồn","earmuff","safety"
"giày mũi thép","steel-toe boots","safety"
"áo phản quang","reflective vest","safety"
"găng tay chống cắt","cut-resistant gloves","safety"
"mặt nạ phòng độc","gas mask","safety"
"thí nghiệm xuyên tiêu chuẩn","SPT test","QAQC"
"thí nghiệm xuyên côn","CPT test","QAQC"
"gia cố nền đất","soil stabilization","engineering"
"bơm vữa gia cường","grouting","construction"
"cọc khoan nhồi đường kính nhỏ","micropile","construction"
"gia cố móng","underpinning","construction"
"tường chắn đất","retaining wall","engineering"
"rọ đá","gabion","materials"
"lưới địa kỹ thuật","geogrid","materials"
"vải địa kỹ thuật","geotextile","materials"
"bê tông nhựa rỗng","porous asphalt","materials"
"bê tông tự lèn","self-compacting concrete","materials"
"bê tông cường độ cao","high-strength concrete","materials"
"bê tông cốt sợi thủy tinh","GRC","materials"
"đá dăm tiêu chuẩn","macadam","materials"
"cốt liệu thô","coarse aggregate","materials"
"cốt liệu mịn","fine aggregate","materials"
"cát nghiền","manufactured sand","materials"
"tro bay","fly ash","materials"
"muội silic","silica fume","materials"
"lò nung xi măng","cement kiln","equipment"
"trạm trộn bê tông","batching plant","equipment"
"xe bồn trộn bê tông","transit mixer","equipment"
"máy bơm bê tông cần","boom pump","equipment"
"máy bơm bê tông tĩnh","stationary concrete pump","equipment"
"máy san gạt","motor grader","equipment"
"xe lu rung","vibratory roller","equipment"
"xe lu lốp","pneumatic tire roller","equipment"
"xe lu chân cừu","padfoot roller","equipment"
"máy đóng cọc","pile driver","equipment"
"búa rung","vibratory hammer","equipment"
"búa đóng cọc diesel","diesel pile hammer","equipment"
"giàn khoan cọc nhồi","rotary drilling rig","equipment"
"gầu khoan đất","earth auger","equipment"
"gầu khoan đá","rock bucket","equipment"
"ống đổ bê tông","tremie pipe","equipment"
"giàn giáo nêm","wedge lock scaffold","equipment"
"giàn giáo đĩa","ringlock scaffold","equipment"
"tuýp giàn giáo","scaffold tube","equipment"
"cùm xoay","swivel coupler","equipment"
"cùm tĩnh","fixed coupler","equipment"
"kích U","U-head jack","equipment"
"kích bằng","base jack","equipment"
"kẹp ván khuôn","formwork clamp","equipment"
"ty ren","threaded rod","materials"
"tán chuồn","wing nut","materials"
"ván khuôn phủ phim","film-faced plywood","materials"
"dầu lăn chống dính cốp pha","form release agent","materials"
"cáp giằng","guy wire","materials"
"cáp bọc nhựa","PVC coated wire rope","materials"
"tời quay tay","hand winch","equipment"
"palăng xích","chain block","equipment"
"cáp vải cẩu hàng","webbing sling","equipment"
"kẹp tôn dọc","vertical lifting clamp","equipment"
"kẹp tôn ngang","horizontal lifting clamp","equipment"
"nam châm cẩu hàng","lifting magnet","equipment"
"con lăn di chuyển máy","machine moving skate","equipment"
"đội thủy lực lùn","low profile hydraulic cylinder","equipment"
"bơm tay thủy lực","hydraulic hand pump","equipment"
"kìm bấm cốt thủy lực","hydraulic crimping tool","equipment"
"máy uốn sắt","rebar bender","equipment"
"máy cắt sắt","rebar cutter","equipment"
"máy mài góc","angle grinder","equipment"
"đá cắt","cutting disc","materials"
"đá mài","grinding disc","materials"
"nhám xếp","flap disc","materials"
"chổi cước thép","wire cup brush","equipment"
"kính hàn điện tử","auto-darkening welding helmet","safety"
"bạt chống cháy","fire blanket","safety"
"khí argon","argon gas","materials"
"khí acetylene","acetylene gas","materials"
"đèn khò gas","blowtorch","equipment"
"máy đo khoảng cách laser","laser distance meter","equipment"
"máy quét 3D laser","3D laser scanner","equipment"
"máy đo độ dày lớp phủ","coating thickness gauge","equipment"
"máy đo độ cứng bê tông","concrete test hammer","equipment"
"khuôn đúc mẫu bê tông","concrete cube mold","equipment"
"côn thử độ sụt","slump cone","equipment"
"bàn xoa bê tông","bull float","equipment"
"máy xoa nền bê tông","power trowel","equipment"
"máy cắt khe bê tông","concrete saw","equipment"
"lưỡi cắt kim cương","diamond blade","materials"
"bột xoa nền tăng cứng","floor hardener","materials"
"sơn kẻ vạch đường","road marking paint","materials"
"đinh phản quang","road stud","safety"
"cọc tiêu giao thông","traffic cone","safety"
"rào chắn di động","expandable barricade","safety"
"dải ruy băng cảnh báo","barricade tape","safety"
"chuông báo động cháy","fire alarm bell","safety"
"nút nhấn khẩn cấp","manual call point","safety"
"bình chữa cháy CO2","CO2 fire extinguisher","safety"
"bình chữa cháy bột","dry powder extinguisher","safety"
"lăng phun chữa cháy","fire hose nozzle","safety"
"trụ cứu hỏa ngoài nhà","fire hydrant","safety"
"van báo động","alarm check valve","MEP"
"công tắc dòng chảy","flow switch","MEP"
"bình tích áp","pressure tank","MEP"
"máy bơm bù áp","jockey pump","MEP"
"van an toàn","safety relief valve","MEP"
"lọc chữ Y","Y-strainer","MEP"
"mối nối mềm cao su","rubber flexible joint","MEP"
"cảm biến áp suất","pressure transmitter","MEP"
"cảm biến chênh áp","differential pressure sensor","MEP"
"cảm biến nhiệt độ phòng","room temperature sensor","MEP"
"bộ điều khiển DDC","DDC controller","MEP"
"máy nén lạnh","refrigerant compressor","MEP"
"dàn ngưng tụ","condenser","MEP"
"dàn bay hơi","evaporator","MEP"
"gas lạnh","refrigerant gas","MEP"
"ống đồng","copper tube","MEP"
"bảo ôn dạng ống","pipe insulation","MEP"
"keo bọt nở","PU foam","materials"
"băng keo nhôm","aluminum foil tape","materials"
"miệng gió khuếch tán","square ceiling diffuser","MEP"
"miệng gió lá sách","louver face diffuser","MEP"
"van điều chỉnh lưu lượng gió","volume control damper","MEP"
"van ngăn cháy","fire damper","MEP"
"quạt thông gió gắn mái","roof fan","MEP"
"quạt cấp khí tươi","fresh air fan","MEP"
"quạt hút khói hành lang","smoke exhaust fan","MEP"
"cáp chống cháy","fire resistant cable","MEP"
"cáp điều khiển","control cable","MEP"
"thang cáp nhôm","aluminum cable ladder","MEP"
"máng cáp mạ kẽm nhúng nóng","HDG cable tray","MEP"
"ống ruột gà lõi thép","flexible metallic conduit","MEP"
"hộp nối dây","junction box","MEP"
"tủ điện phân phối","distribution board","MEP"
"tủ bù công suất phản kháng","PFC panel","MEP"
"rơ le nhiệt","thermal overload relay","MEP"
"khởi động từ","contactor","MEP"
"cầu chì","fuse","MEP"
"đèn báo pha","indicator light","MEP"
"biến dòng đo lường","current transformer","MEP"
"đồng hồ đo vạn năng","multimeter","equipment"
"ampe kìm","clamp meter","equipment"
"máy đo điện trở đất","earth resistance tester","equipment"
"kim thu sét","lightning conductor","MEP"
"bãi tiếp địa","earthing system","MEP"
"cọc tiếp địa mạ đồng","copper-clad steel ground rod","MEP"
"hóa chất giảm điện trở đất","earth enhancing compound","materials"
"bản vẽ kiến trúc","architectural drawing","architecture"
"bản vẽ kết cấu","structural drawing","engineering"
"bản vẽ MEP","MEP drawing","MEP"
"hồ sơ mời thầu","bidding document","management"
"hồ sơ dự thầu kỹ thuật","technical proposal","management"
"hồ sơ dự thầu tài chính","financial proposal","management"
"chứng thư bảo lãnh","letter of guarantee","management"
"tiến độ giải ngân","disbursement schedule","management"
"ngân sách dự án","project budget","management"
"chi phí trực tiếp","direct cost","management"
"chi phí gián tiếp","indirect cost","management"
"quản lý rủi ro","risk management","management"
"họp giao ban hiện trường","site coordination meeting","management"
"báo cáo sự cố","incident report","management"
"biên bản bàn giao mặt bằng","site possession certificate","management"
"bản vẽ thiết kế cơ sở","basic design drawing","management"
"bản vẽ thiết kế bản vẽ thi công","construction design drawing","management"
"tiêu chuẩn xây dựng","construction standard","management"
"quy chuẩn kỹ thuật quốc gia","national technical regulation","management"
"giấy phép xây dựng","building permit","management"
"nghiệm thu phòng cháy chữa cháy","fire safety approval","QAQC"
"cấp chứng nhận công trình xanh","green building certification","environmental"
"đánh giá tác động xã hội","social impact assessment","environmental"
"kế hoạch quản lý môi trường","environmental management plan","environmental"
"trưởng ban quản lý dự án","project management board director","management"
"nhà thầu cung cấp thiết bị","equipment supplier","management"
"nhà tư vấn thiết kế","design consultant","management"
"tổng thầu EPC","EPC contractor","management"
"hợp đồng chìa khóa trao tay","turnkey contract","management"
"gói thầu thi công xây lắp","civil works package","management"
"hạng mục công trình","work item","management"
"dự toán chi tiết","detailed estimate","management"
"khấu hao tài sản","asset depreciation","management"
"bảo hiểm công trình","construction insurance","management"
"bảo hiểm tai nạn con người","personal accident insurance","management"
"chi phí dự phòng","contingency sum","management"
"bàn giao đưa vào sử dụng","commissioning and handover","management"
